CREATE DATABASE  IF NOT EXISTS `proyectoClase` /*!40100 DEFAULT CHARACTER SET utf8 COLLATE utf8_spanish2_ci */;
USE `proyectoClase`;
-- MySQL dump 10.13  Distrib 5.5.47, for debian-linux-gnu (x86_64)
--
-- Host: 127.0.0.1    Database: proyectoClase
-- ------------------------------------------------------
-- Server version	5.5.47-0ubuntu0.14.04.1

/*!40101 SET @OLD_CHARACTER_SET_CLIENT=@@CHARACTER_SET_CLIENT */;
/*!40101 SET @OLD_CHARACTER_SET_RESULTS=@@CHARACTER_SET_RESULTS */;
/*!40101 SET @OLD_COLLATION_CONNECTION=@@COLLATION_CONNECTION */;
/*!40101 SET NAMES utf8 */;
/*!40103 SET @OLD_TIME_ZONE=@@TIME_ZONE */;
/*!40103 SET TIME_ZONE='+00:00' */;
/*!40014 SET @OLD_UNIQUE_CHECKS=@@UNIQUE_CHECKS, UNIQUE_CHECKS=0 */;
/*!40014 SET @OLD_FOREIGN_KEY_CHECKS=@@FOREIGN_KEY_CHECKS, FOREIGN_KEY_CHECKS=0 */;
/*!40101 SET @OLD_SQL_MODE=@@SQL_MODE, SQL_MODE='NO_AUTO_VALUE_ON_ZERO' */;
/*!40111 SET @OLD_SQL_NOTES=@@SQL_NOTES, SQL_NOTES=0 */;

--
-- Table structure for table `categories`
--

DROP TABLE IF EXISTS `categories`;
/*!40101 SET @saved_cs_client     = @@character_set_client */;
/*!40101 SET character_set_client = utf8 */;
CREATE TABLE `categories` (
  `_id` varchar(45) NOT NULL,
  `parent` varchar(45) DEFAULT NULL,
  PRIMARY KEY (`_id`)
) ENGINE=InnoDB DEFAULT CHARSET=latin1;
/*!40101 SET character_set_client = @saved_cs_client */;

--
-- Dumping data for table `categories`
--

LOCK TABLES `categories` WRITE;
/*!40000 ALTER TABLE `categories` DISABLE KEYS */;
INSERT INTO `categories` VALUES ('Books',''),('Classics','Fiction'),('Cookbooks','Non-Fiction'),('Electronics',''),('Fiction','Books'),('Laptops','Electronics'),('Leadership','Non-Fiction'),('Non-Fiction','Books'),('Phones','Electronics'),('Tablets','Electronics'),('Web Programming','Non-Fiction');
/*!40000 ALTER TABLE `categories` ENABLE KEYS */;
UNLOCK TABLES;

--
-- Table structure for table `products`
--

DROP TABLE IF EXISTS `products`;
/*!40101 SET @saved_cs_client     = @@character_set_client */;
/*!40101 SET character_set_client = utf8 */;
CREATE TABLE `products` (
  `id_` varchar(45) NOT NULL,
  `name` varchar(100) DEFAULT NULL,
  `category_id` varchar(45) DEFAULT NULL,
  `category_parent` varchar(45) DEFAULT NULL,
  `price_amount` float DEFAULT NULL,
  `price_currency` varchar(45) DEFAULT NULL,
  `pictures` varchar(200) DEFAULT NULL,
  PRIMARY KEY (`id_`)
) ENGINE=InnoDB DEFAULT CHARSET=latin1;
/*!40101 SET character_set_client = @saved_cs_client */;

--
-- Dumping data for table `products`
--

LOCK TABLES `products` WRITE;
/*!40000 ALTER TABLE `products` DISABLE KEYS */;
INSERT INTO `products` VALUES ('10','Refurbished ASUS MeMo Pad ME173X / MT8125 / 16 GB HDD / Blue','Tablets','Electronics',89,'GBP','[\"http://eshop.asus.com/media/catalog/product/cache/8/small_image/128x/9df78eab33525d08d6e5fb8d27136e95/l/n/lnbjawxu07b2faoc_5007.jpg\"]'),('100','Catalan Cuisine : Europe\'s Last Great Culinary Secret','Cookbooks','Non-Fiction',12,'USD','[\"http://cdn06.strandbooks.weblinc.com/images/products/placeHolders/placeHolder.largeThumb.jpg\"]'),('101','Catalan Cuisine: Vivid Flavors from Spain\'s Mediterranean Coast','Cookbooks','Non-Fiction',18,'USD','[\"http://cdn05.strandbooks.weblinc.com/images/products/partitioned/d/1/d/1558323295.1.largeThumb.jpg\"]'),('102','Cindy\'s Supper Club: Meals from Around the World to Share with Family and Friends','Cookbooks','Non-Fiction',17,'USD','[\"http://cdn01.strandbooks.weblinc.com/images/products/partitioned/1/f/a/1607740249.1.largeThumb.jpg\"]'),('103','Classic Home Desserts: A Treasury of Heirloom and Contemporary Recipes','Cookbooks','Non-Fiction',16,'USD','[\"http://cdn03.strandbooks.weblinc.com/images/products/partitioned/0/a/1/0618057080.1.largeThumb.jpg\"]'),('104','Classic Palestinian Cuisine','Cookbooks','Non-Fiction',19,'USD','[\"http://cdn06.strandbooks.weblinc.com/images/products/placeHolders/placeHolder.largeThumb.jpg\"]'),('105','Classic Recipes of France','Cookbooks','Non-Fiction',7,'USD','[\"http://cdn06.strandbooks.weblinc.com/images/products/placeHolders/placeHolder.largeThumb.jpg\"]'),('106','Classical Turkish Cooking: Traditional Turkish Food for the American Kitchen','Cookbooks','Non-Fiction',19,'USD','[\"http://cdn05.strandbooks.weblinc.com/images/products/partitioned/c/8/e/0060931639.1.largeThumb.jpg\"]'),('107','Clodagh\'s Kitchen Diaries: Delicious Recipes Throughout the Year','Cookbooks','Non-Fiction',27,'USD','[\"http://cdn06.strandbooks.weblinc.com/images/products/placeHolders/placeHolder.largeThumb.jpg\"]'),('108','Cocina Latinoamericana/ The Latin American Kitchen','Cookbooks','Non-Fiction',34,'USD','[\"http://cdn02.strandbooks.weblinc.com/images/products/partitioned/8/b/5/9788480765893.1.largeThumb.jpg\"]'),('109','Cocina Tropical: The Classic & Contemporary Flavors of Puerto Rico','Cookbooks','Non-Fiction',17,'USD','[\"http://cdn01.strandbooks.weblinc.com/images/products/partitioned/3/d/8/0789327430.1.largeThumb.jpg\"]'),('11','Refurbished ASUS Fonepad ME371MG / Intel® Atom™ Z2420 / 16 GB HDD / Amethyst Gray','Tablets','Electronics',139,'GBP','[\"http://eshop.asus.com/media/catalog/product/cache/8/small_image/128x/9df78eab33525d08d6e5fb8d27136e95/p/q/pqcbcjyzid0voxck_5002.jpg\"]'),('110','Cocina espanola / Spanish Cuisine','Cookbooks','Non-Fiction',8,'USD','[\"http://cdn06.strandbooks.weblinc.com/images/products/partitioned/8/e/f/9788467716740.1.largeThumb.jpg\"]'),('111','Cocina espanola / Spanish Cuisine','Cookbooks','Non-Fiction',27,'USD','[\"http://cdn05.strandbooks.weblinc.com/images/products/partitioned/a/a/6/9788430549207.1.largeThumb.jpg\"]'),('112','Cocina latina / Latin Cooking','Cookbooks','Non-Fiction',16,'USD','[\"http://cdn04.strandbooks.weblinc.com/images/products/partitioned/5/4/f/9780983139034.1.largeThumb.jpg\"]'),('113','The Columbia Restaurant Spanish Cookbook','Cookbooks','Non-Fiction',24,'USD','[\"http://cdn06.strandbooks.weblinc.com/images/products/partitioned/2/1/f/9780813014036.1.largeThumb.jpg\"]'),('114','Come into My Kitchen','Cookbooks','Non-Fiction',21,'USD','[\"http://cdn04.strandbooks.weblinc.com/images/products/partitioned/a/6/3/9781425710071.1.largeThumb.jpg\"]'),('115','The Complete Best of Bridge Cookbooks','Cookbooks','Non-Fiction',29,'USD','[\"http://cdn06.strandbooks.weblinc.com/images/products/placeHolders/placeHolder.largeThumb.jpg\"]'),('116','The Complete Best of Bridge Cookbooks','Cookbooks','Non-Fiction',29,'USD','[\"http://cdn06.strandbooks.weblinc.com/images/products/placeHolders/placeHolder.largeThumb.jpg\"]'),('117','Complete Book of Greek Cooking','Cookbooks','Non-Fiction',21,'USD','[\"http://cdn06.strandbooks.weblinc.com/images/products/partitioned/f/f/d/0060921293.1.largeThumb.jpg\"]'),('118','The Complete Idiot\'s Guide to the Mediterranean Diet','Cookbooks','Non-Fiction',9,'USD','[\"http://cdn04.strandbooks.weblinc.com/images/products/partitioned/c/6/b/1615640460.1.largeThumb.jpg\"]'),('119','The Complete Irish Pub Cookbook','Cookbooks','Non-Fiction',5,'USD','[\"http://cdn06.strandbooks.weblinc.com/images/products/placeHolders/placeHolder.largeThumb.jpg\"]'),('12','Refurbished ASUS VivoTab TF600T / NVIDIA® Tegra3™ Quad-Core / without mobile duck / 64GB HDD / Ameth','Tablets','Electronics',279,'GBP','[\"http://eshop.asus.com/media/catalog/product/cache/8/small_image/128x/9df78eab33525d08d6e5fb8d27136e95/q/q/qq2bgrinqtgzobnw_5001_4.jpg\"]'),('120','Complete Mediterranean Cookbook','Cookbooks','Non-Fiction',29,'USD','[\"http://cdn06.strandbooks.weblinc.com/images/products/partitioned/4/f/2/9780804840033.1.largeThumb.jpg\"]'),('121','The Complete Middle East Cookbook','Cookbooks','Non-Fiction',14,'USD','[\"http://cdn01.strandbooks.weblinc.com/images/products/partitioned/6/d/a/9780804838764.1.largeThumb.jpg\"]'),('122','The Complete Middle Eastern Cookbook','Cookbooks','Non-Fiction',25,'USD','[\"http://cdn03.strandbooks.weblinc.com/images/products/partitioned/c/e/3/1742704921.1.largeThumb.jpg\"]'),('123','The Complete Nose to Tail','Cookbooks','Non-Fiction',44,'USD','[\"http://cdn03.strandbooks.weblinc.com/images/products/partitioned/d/3/7/9780062282613.1.largeThumb.jpg\"]'),('124','The Complete South African Cookbook','Cookbooks','Non-Fiction',21,'USD','[\"http://cdn01.strandbooks.weblinc.com/images/products/partitioned/6/9/9/1868727467.1.largeThumb.jpg\"]'),('125','Con la cocina no se juega / You Can\'t Mess with the Kitchen','Cookbooks','Non-Fiction',23,'USD','[\"http://cdn03.strandbooks.weblinc.com/images/products/partitioned/d/b/2/9788483068595.1.largeThumb.jpg\"]'),('126','A Connoisseur\'s World','Cookbooks','Non-Fiction',40,'USD','[\"http://cdn06.strandbooks.weblinc.com/images/products/placeHolders/placeHolder.largeThumb.jpg\"]'),('127','Cooking At the Kasbah: Recipes from My Moroccan Kitchen','Cookbooks','Non-Fiction',11,'USD','[\"http://cdn05.strandbooks.weblinc.com/images/products/partitioned/6/0/4/081181503X.1.largeThumb.jpg\"]'),('128','Cooking Ingredients','Cookbooks','Non-Fiction',24,'USD','[\"http://cdn05.strandbooks.weblinc.com/images/products/partitioned/4/1/d/9781844769018.1.largeThumb.jpg\"]'),('129','Cooking Light Global Kitchen: The World\'s Most Delicious Food Made Easy','Cookbooks','Non-Fiction',14,'USD','[\"http://cdn01.strandbooks.weblinc.com/images/products/partitioned/5/d/2/0848739981.1.largeThumb.jpg\"]'),('13','Refurbished ASUS Pad Transformer TF300T / NVIDIA® Tegra3™ Quad-Core / with Mobile Docking / 32GB HDD','Tablets','Electronics',299,'GBP','[\"http://eshop.asus.com/media/catalog/product/cache/8/small_image/128x/9df78eab33525d08d6e5fb8d27136e95/p/_/p_500108_2.jpg\"]'),('130','Cooking With Love','Cookbooks','Non-Fiction',12,'USD','[\"http://cdn06.strandbooks.weblinc.com/images/products/placeHolders/placeHolder.largeThumb.jpg\"]'),('131','Cooking Without Borders','Cookbooks','Non-Fiction',9,'USD','[\"http://cdn01.strandbooks.weblinc.com/images/products/partitioned/d/4/3/1584798920.1.largeThumb.jpg\"]'),('132','Cooking of Spain','Cookbooks','Non-Fiction',14,'USD','[\"http://cdn06.strandbooks.weblinc.com/images/products/placeHolders/placeHolder.largeThumb.jpg\"]'),('133','The Cooking of the Eastern Mediterranean: 215 Healthy, Vibrant, and Inspired Recipes','Cookbooks','Non-Fiction',42,'USD','[\"http://cdn01.strandbooks.weblinc.com/images/products/partitioned/3/c/b/0060166517.1.largeThumb.jpg\"]'),('134','Cooking on the Boat: Galley Cuisine with a Mediterranean Touch','Cookbooks','Non-Fiction',15,'USD','[\"http://cdn06.strandbooks.weblinc.com/images/products/placeHolders/placeHolder.largeThumb.jpg\"]'),('135','Cooking the Gullah Way, Morning, Noon, and Night','Cookbooks','Non-Fiction',7,'USD','[\"http://cdn02.strandbooks.weblinc.com/images/products/partitioned/4/0/c/9780807858431.1.largeThumb.jpg\"]'),('136','To Kill a Mockingbird','Classics','Fiction',13,'USD','[\"http://cdn06.strandbooks.weblinc.com/images/products/partitioned/9/6/9/0060935464.1.largeThumb.jpg\"]'),('137','Pride and Prejudice','Classics','Fiction',4,'USD','[\"http://cdn03.strandbooks.weblinc.com/images/products/partitioned/4/3/2/1853260002.1.largeThumb.jpg\"]'),('138','The Great Gatsby','Classics','Fiction',7,'USD','[\"http://cdn03.strandbooks.weblinc.com/images/products/partitioned/f/d/f/0743273567.1.largeThumb.jpg\"]'),('139','The Catcher in the Rye','Classics','Fiction',7,'USD','[\"http://cdn05.strandbooks.weblinc.com/images/products/partitioned/e/2/a/0316769487.1.largeThumb.jpg\"]'),('14','Refurbished ASUS Pad Nexus 7 / Wifi / NVIDIA® Tegra™ 3 / 32GB HDD','Tablets','Electronics',89,'GBP','[\"http://eshop.asus.com/media/catalog/product/cache/8/small_image/128x/9df78eab33525d08d6e5fb8d27136e95/h/m/hmwx8qrm2zysgpob_500.jpg\"]'),('140','Atlas Shrugged (Centennial Edition)','Classics','Fiction',23,'USD','[\"http://cdn05.strandbooks.weblinc.com/images/products/partitioned/7/a/b/0452286360.1.largeThumb.jpg\"]'),('141','The Fountainhead (Centennial Edition)','Classics','Fiction',22,'USD','[\"http://cdn05.strandbooks.weblinc.com/images/products/partitioned/8/9/a/0452286379.1.largeThumb.jpg\"]'),('142','The Lord of the Rings','Classics','Fiction',17,'USD','[\"http://cdn03.strandbooks.weblinc.com/images/products/partitioned/3/c/3/0618640150.1.largeThumb.jpg\"]'),('143','One Hundred Years of Solitude','Classics','Fiction',14,'USD','[\"http://cdn05.strandbooks.weblinc.com/images/products/partitioned/6/4/9/0060883286.1.largeThumb.jpg\"]'),('144','Jane Eyre','Classics','Fiction',4,'USD','[\"http://cdn02.strandbooks.weblinc.com/images/products/partitioned/8/2/f/1853260207.1.largeThumb.jpg\"]'),('145','Harry Potter and the Sorcerer\'s Stone (Harry Potter: Book 1)','Classics','Fiction',10,'USD','[\"http://cdn02.strandbooks.weblinc.com/images/products/partitioned/5/d/2/059035342X.1.largeThumb.jpg\"]'),('146','Lolita (50th Anniversary Edition)','Classics','Fiction',14,'USD','[\"http://cdn01.strandbooks.weblinc.com/images/products/partitioned/8/b/3/0679723161.1.largeThumb.jpg\"]'),('147','1984','Classics','Fiction',8,'USD','[\"http://cdn05.strandbooks.weblinc.com/images/products/partitioned/e/d/5/0451524934.1.largeThumb.jpg\"]'),('148','On the Road','Classics','Fiction',15,'USD','[\"http://cdn04.strandbooks.weblinc.com/images/products/partitioned/0/1/d/0140042598.1.largeThumb.jpg\"]'),('149','Anna Karenina','Classics','Fiction',17,'USD','[\"http://cdn03.strandbooks.weblinc.com/images/products/partitioned/9/c/b/0143035002.1.largeThumb.jpg\"]'),('15','Refurbished ASUS VivoTab Note 8 (M80TA) / 17.3\" / Intel Atom N3740 / 2GB RAM / 32GB HDD','Tablets','Electronics',179,'GBP','[\"http://eshop.asus.com/media/catalog/product/cache/8/small_image/128x/9df78eab33525d08d6e5fb8d27136e95/2/h/2huhqlqn8ab2qppp_500.jpg\"]'),('150','The Brothers Karamazov','Classics','Fiction',16,'USD','[\"http://cdn03.strandbooks.weblinc.com/images/products/partitioned/6/c/2/0374528373.1.largeThumb.jpg\"]'),('151','Crime and Punishment','Classics','Fiction',16,'USD','[\"http://cdn03.strandbooks.weblinc.com/images/products/partitioned/c/a/5/0679734503.1.largeThumb.jpg\"]'),('152','A Tree Grows in Brooklyn','Classics','Fiction',8,'USD','[\"http://cdn05.strandbooks.weblinc.com/images/products/partitioned/1/0/1/0060736267.1.largeThumb.jpg\"]'),('153','Slaughterhouse-Five or The Children\'s Crusade: A Duty-Dance With Death','Classics','Fiction',13,'USD','[\"http://cdn03.strandbooks.weblinc.com/images/products/partitioned/c/d/a/0385333846.1.largeThumb.jpg\"]'),('154','Ulysses','Classics','Fiction',6,'USD','[\"http://cdn03.strandbooks.weblinc.com/images/products/partitioned/3/0/8/1840226358.1.largeThumb.jpg\"]'),('155','The Kite Runner','Classics','Fiction',7,'USD','[\"http://cdn03.strandbooks.weblinc.com/images/products/partitioned/9/6/8/1594480001.1.largeThumb.jpg\"]'),('156','Catch-22','Classics','Fiction',7,'USD','[\"http://cdn06.strandbooks.weblinc.com/images/products/partitioned/7/5/4/0684833395.1.largeThumb.jpg\"]'),('157','The Grapes of Wrath (Centennial Edition)','Classics','Fiction',15,'USD','[\"http://cdn05.strandbooks.weblinc.com/images/products/partitioned/c/d/6/0142000663.1.largeThumb.jpg\"]'),('158','The Sun Also Rises','Classics','Fiction',7,'USD','[\"http://cdn05.strandbooks.weblinc.com/images/products/partitioned/a/1/2/0743297334.1.largeThumb.jpg\"]'),('159','War and Peace','Classics','Fiction',17,'USD','[\"http://cdn03.strandbooks.weblinc.com/images/products/partitioned/8/7/1/1400079985.1.largeThumb.jpg\"]'),('16','1,000 Spanish Recipes','Cookbooks','Non-Fiction',35,'USD','[\"http://cdn05.strandbooks.weblinc.com/images/products/partitioned/5/4/2/9780470164990.1.largeThumb.jpg\"]'),('160','The Hobbit or There and Back Again','Classics','Fiction',10,'USD','[\"http://cdn01.strandbooks.weblinc.com/images/products/partitioned/0/6/6/061815082X.1.largeThumb.jpg\"]'),('161','Harry Potter and the Deathly Hallows (Harry Potter: Book 7)','Classics','Fiction',14,'USD','[\"http://cdn05.strandbooks.weblinc.com/images/products/partitioned/8/a/3/0545139708.1.largeThumb.jpg\"]'),('162','The Amazing Adventures of Kavalier & Clay','Classics','Fiction',6,'USD','[\"http://cdn06.strandbooks.weblinc.com/images/products/partitioned/9/0/8/0312282990.1.largeThumb.jpg\"]'),('163','The Count of Monte Cristo','Classics','Fiction',5,'USD','[\"http://cdn02.strandbooks.weblinc.com/images/products/partitioned/c/2/c/1853267333.1.largeThumb.jpg\"]'),('164','Alice\'s Adventures in Wonderland & Through the Looking-Glass','Classics','Fiction',4,'USD','[\"http://cdn04.strandbooks.weblinc.com/images/products/partitioned/d/c/9/1853260029.1.largeThumb.jpg\"]'),('165','The Stranger','Classics','Fiction',11,'USD','[\"http://cdn02.strandbooks.weblinc.com/images/products/partitioned/8/7/d/0679720200.1.largeThumb.jpg\"]'),('166','Middlesex','Classics','Fiction',14,'USD','[\"http://cdn06.strandbooks.weblinc.com/images/products/partitioned/4/b/4/0312427735.1.largeThumb.jpg\"]'),('167','Moby-Dick, or The Whale','Classics','Fiction',5,'USD','[\"http://cdn05.strandbooks.weblinc.com/images/products/partitioned/c/c/e/1853260088.1.largeThumb.jpg\"]'),('168','Les Miserables','Classics','Fiction',15,'USD','[\"http://cdn06.strandbooks.weblinc.com/images/products/partitioned/0/6/c/0140444300.1.largeThumb.jpg\"]'),('169','A Tale of Two Cities','Classics','Fiction',4,'USD','[\"http://cdn03.strandbooks.weblinc.com/images/products/partitioned/9/c/d/1853260398.1.largeThumb.jpg\"]'),('17','1080 Recipes','Cookbooks','Non-Fiction',19,'USD','[\"http://cdn01.strandbooks.weblinc.com/images/products/partitioned/d/8/5/0714848360.1.largeThumb.jpg\"]'),('170','Anthem (Centennial Edition)','Classics','Fiction',15,'USD','[\"http://cdn02.strandbooks.weblinc.com/images/products/partitioned/0/c/b/0452286352.1.largeThumb.jpg\"]'),('171','The Wind-Up Bird Chronicle','Classics','Fiction',15,'USD','[\"http://cdn06.strandbooks.weblinc.com/images/products/partitioned/7/3/6/0679775439.1.largeThumb.jpg\"]'),('172','In Cold Blood: A True Account of a Multiple Murder and Its Consequences','Classics','Fiction',7,'USD','[\"http://cdn05.strandbooks.weblinc.com/images/products/partitioned/f/a/f/0679745580.1.largeThumb.jpg\"]'),('173','Cat\'s Cradle','Classics','Fiction',14,'USD','[\"http://cdn01.strandbooks.weblinc.com/images/products/partitioned/9/f/e/038533348X.1.largeThumb.jpg\"]'),('174','Love in the Time of Cholera','Classics','Fiction',7,'USD','[\"http://cdn04.strandbooks.weblinc.com/images/products/partitioned/9/9/f/0307389731.1.largeThumb.jpg\"]'),('175','The Little Prince','Classics','Fiction',8,'USD','[\"http://cdn02.strandbooks.weblinc.com/images/products/partitioned/a/2/1/0156012197.1.largeThumb.jpg\"]'),('176','The Time Traveler\'s Wife','Classics','Fiction',7,'USD','[\"http://cdn02.strandbooks.weblinc.com/images/products/partitioned/0/2/6/015602943X.1.largeThumb.jpg\"]'),('177','Invisible Man','Classics','Fiction',14,'USD','[\"http://cdn05.strandbooks.weblinc.com/images/products/partitioned/9/e/0/0679732764.1.largeThumb.jpg\"]'),('178','The Unbearable Lightness of Being','Classics','Fiction',14,'USD','[\"http://cdn03.strandbooks.weblinc.com/images/products/partitioned/d/a/7/0060932139.1.largeThumb.jpg\"]'),('179','The Bell Jar','Classics','Fiction',13,'USD','[\"http://cdn03.strandbooks.weblinc.com/images/products/partitioned/9/a/8/0060837020.1.largeThumb.jpg\"]'),('18','1080 recetas de cocina / 1080 cooking recipes','Cookbooks','Non-Fiction',28,'USD','[\"http://cdn06.strandbooks.weblinc.com/images/products/placeHolders/placeHolder.largeThumb.jpg\"]'),('180','The World According to Garp','Classics','Fiction',15,'USD','[\"http://cdn01.strandbooks.weblinc.com/images/products/partitioned/d/1/4/0345418018.1.largeThumb.jpg\"]'),('181','Middlemarch','Classics','Fiction',5,'USD','[\"http://cdn03.strandbooks.weblinc.com/images/products/partitioned/a/5/4/1853262374.1.largeThumb.jpg\"]'),('182','To the Lighthouse','Classics','Fiction',5,'USD','[\"http://cdn01.strandbooks.weblinc.com/images/products/partitioned/a/7/e/1853260916.1.largeThumb.jpg\"]'),('183','The Poisonwood Bible','Classics','Fiction',15,'USD','[\"http://cdn04.strandbooks.weblinc.com/images/products/partitioned/9/5/0/0060786507.1.largeThumb.jpg\"]'),('184','Harry Potter and the Prisoner of Azkaban (Harry Potter: Book 3)','Classics','Fiction',10,'USD','[\"http://cdn05.strandbooks.weblinc.com/images/products/partitioned/c/7/6/0439136369.1.largeThumb.jpg\"]'),('185','Harry Potter and the Order of the Phoenix (Harry Potter: Book 5)','Classics','Fiction',12,'USD','[\"http://cdn01.strandbooks.weblinc.com/images/products/partitioned/b/6/3/0439358078.1.largeThumb.jpg\"]'),('186','The Old Man and the Sea','Classics','Fiction',4,'USD','[\"http://cdn02.strandbooks.weblinc.com/images/products/partitioned/1/8/4/0684801221.1.largeThumb.jpg\"]'),('187','Ender\'s Game (Definitive Edition)','Classics','Fiction',7,'USD','[\"http://cdn05.strandbooks.weblinc.com/images/products/partitioned/a/a/e/0812550706.1.largeThumb.jpg\"]'),('188','Bleak House','Classics','Fiction',4,'USD','[\"http://cdn06.strandbooks.weblinc.com/images/products/partitioned/0/0/f/1853260827.1.largeThumb.jpg\"]'),('189','Beloved','Classics','Fiction',8,'USD','[\"http://cdn04.strandbooks.weblinc.com/images/products/partitioned/6/4/1/1400033411.1.largeThumb.jpg\"]'),('19','1,001 Best Hot and Spicy Recipes: Delicious, Easy-to-Make Recipes from Around the World','Cookbooks','Non-Fiction',19,'USD','[\"http://cdn03.strandbooks.weblinc.com/images/products/partitioned/e/9/c/1572841133.1.largeThumb.jpg\"]'),('190','Great Expectations','Classics','Fiction',4,'USD','[\"http://cdn02.strandbooks.weblinc.com/images/products/partitioned/2/7/f/1853260045.1.largeThumb.jpg\"]'),('191','A Heartbreaking Work of Staggering Genius','Classics','Fiction',7,'USD','[\"http://cdn04.strandbooks.weblinc.com/images/products/partitioned/2/a/4/0375725784.1.largeThumb.jpg\"]'),('192','Fight Club','Classics','Fiction',13,'USD','[\"http://cdn04.strandbooks.weblinc.com/images/products/partitioned/1/1/2/0393327345.1.largeThumb.jpg\"]'),('193','The Sound and the Fury (The Corrected Text)','Classics','Fiction',13,'USD','[\"http://cdn05.strandbooks.weblinc.com/images/products/partitioned/a/4/1/0679732241.1.largeThumb.jpg\"]'),('194','Mrs. Dalloway','Classics','Fiction',5,'USD','[\"http://cdn01.strandbooks.weblinc.com/images/products/partitioned/0/7/3/0156030357.1.largeThumb.jpg\"]'),('195','The Giver (Giver: Book 1)','Classics','Fiction',4,'USD','[\"http://cdn04.strandbooks.weblinc.com/images/products/partitioned/3/b/3/0385732554.1.largeThumb.jpg\"]'),('196','The Master and Margarita','Classics','Fiction',13,'USD','[\"http://cdn01.strandbooks.weblinc.com/images/products/partitioned/0/5/4/0141180145.1.largeThumb.jpg\"]'),('197','Blindness','Classics','Fiction',6,'USD','[\"http://cdn04.strandbooks.weblinc.com/images/products/partitioned/1/0/b/0156007754.1.largeThumb.jpg\"]'),('198','Madame Bovary','Classics','Fiction',4,'USD','[\"http://cdn01.strandbooks.weblinc.com/images/products/partitioned/9/a/0/1853260789.1.largeThumb.jpg\"]'),('199','Where the Wild Things Are','Classics','Fiction',8,'USD','[\"http://cdn06.strandbooks.weblinc.com/images/products/partitioned/c/d/6/0060254920.1.largeThumb.jpg\"]'),('2','Leadership and Self-Deception: Getting Out of the Box','Leadership','Non-Fiction',11.34,'USD','[\"http://i.imgur.com/IRTxQet.png\"]'),('20','101 platos mediterraneos/ 101 Mediterranean Dishes','Cookbooks','Non-Fiction',17,'USD','[\"http://cdn04.strandbooks.weblinc.com/images/products/partitioned/c/9/c/9788425342745.1.largeThumb.jpg\"]'),('200','The Chronicles of Narnia','Classics','Fiction',19,'USD','[\"http://cdn06.strandbooks.weblinc.com/images/products/partitioned/9/3/c/0066238501.1.largeThumb.jpg\"]'),('201','The Odyssey (Penguin Classics, Deluxe Edition)','Classics','Fiction',9,'USD','[\"http://cdn03.strandbooks.weblinc.com/images/products/partitioned/2/b/9/0140268863.1.largeThumb.jpg\"]'),('202','The Da Vinci Code','Classics','Fiction',4,'USD','[\"http://cdn04.strandbooks.weblinc.com/images/products/partitioned/6/f/5/0385504209.1.largeThumb.jpg\"]'),('203','Franny and Zooey','Classics','Fiction',7,'USD','[\"http://cdn05.strandbooks.weblinc.com/images/products/partitioned/f/5/7/0316769495.1.largeThumb.jpg\"]'),('204','A Wrinkle in Time (Time Quintet: Book 1)','Classics','Fiction',3,'USD','[\"http://cdn06.strandbooks.weblinc.com/images/products/partitioned/3/e/8/0312367546.1.largeThumb.jpg\"]'),('205','Everything is Illuminated','Classics','Fiction',15,'USD','[\"http://cdn03.strandbooks.weblinc.com/images/products/partitioned/9/6/a/0060529709.1.largeThumb.jpg\"]'),('206','The Picture of Dorian Gray','Classics','Fiction',5,'USD','[\"http://cdn02.strandbooks.weblinc.com/images/products/partitioned/f/c/0/1853260150.1.largeThumb.jpg\"]'),('207','The Handmaid\'s Tale','Classics','Fiction',13,'USD','[\"http://cdn06.strandbooks.weblinc.com/images/products/partitioned/d/e/4/038549081X.1.largeThumb.jpg\"]'),('208','FORCE 1492 (850M)','Laptops','Electronics',755,'USD','[\"http://www.xoticpc.com/images/1492_Force_BB_Thumb_NEW.png\"]'),('209','FORCE 16GC (860M)','Laptops','Electronics',823,'USD','[\"http://www.xoticpc.com/images/16GA.png\"]'),('21','101 platos del mundo / 101 Global Dishes','Cookbooks','Non-Fiction',9,'USD','[\"http://cdn06.strandbooks.weblinc.com/images/products/partitioned/b/9/3/9788425344053.1.largeThumb.jpg\"]'),('210','SAGER NP6659','Laptops','Electronics',862,'USD','[\"http://www.xoticpc.com/images/sager_6659_new_2015_thumb.png\"]'),('211','MSI GP70 Leopard-490','Laptops','Electronics',899,'USD','[\"http://www.xoticpc.com/images/MSI_GP60_800_thumb_new_A.png\"]'),('212','SAGER NP7155','Laptops','Electronics',891,'USD','[\"http://www.xoticpc.com/images/7155_thumbnail_new.png\"]'),('213','SAGER NP6679','Laptops','Electronics',910,'USD','[\"http://www.xoticpc.com/images/sager_6679_new_2015_thumb.png\"]'),('214','ASUS G56JK-DH71','Laptops','Electronics',920,'USD','[\"http://www.xoticpc.com/images/asus_G56JK_thumb.png\"]'),('215','SAGER NP7339','Laptops','Electronics',959,'USD','[\"http://www.xoticpc.com/images/7339_thumbnail_new.png\"]'),('216','MSI GE60 Apache Pro-003','Laptops','Electronics',999,'USD','[\"http://www.xoticpc.com/images/GE60_Apache_thumbnail_new.png\"]'),('217','MSI GE60 Apache Pro-867','Laptops','Electronics',999,'USD','[\"http://www.xoticpc.com/images/GE60_Apache_thumbnail_new-867.png\"]'),('218','MSI GP70 Leopard Pro-486','Laptops','Electronics',999,'USD','[\"http://www.xoticpc.com/images/MSI_GP60_800_thumb_new_A.png\"]'),('219','SAGER NP7170','Laptops','Electronics',988,'USD','[\"http://www.xoticpc.com/images/7170_thumbnail_new.png\"]'),('22','150 Best Ebelskiver Recipes','Cookbooks','Non-Fiction',24,'USD','[\"http://cdn06.strandbooks.weblinc.com/images/products/placeHolders/placeHolder.largeThumb.jpg\"]'),('220','ASUS N550JK-DS71T','Laptops','Electronics',1017,'USD','[\"http://www.xoticpc.com/images/N550_new_thumb.png\"]'),('221','ASUS GL551JM-DH71','Laptops','Electronics',1066,'USD','[\"http://www.xoticpc.com/images/asus_gl551lm_new_thumb.png\"]'),('222','ASUS GL551JW-DS71','Laptops','Electronics',1066,'USD','[\"http://www.xoticpc.com/images/asus_gl551lm_new_thumb.png\"]'),('223','MSI GE70 Apache Pro-681','Laptops','Electronics',1099,'USD','[\"http://www.xoticpc.com/images/msi_GE62_thumb_new_2015.png\"]'),('224','MSI PE60 2QD-060US','Laptops','Electronics',1099,'USD','[\"http://www.xoticpc.com/images/msi_pe_NEW_2015_thumb.png\"]'),('225','SAGER NP8670','Laptops','Electronics',1109,'USD','[\"http://www.xoticpc.com/images/NP8672_thumb_new.png\"]'),('226','LENOVO Y50','Laptops','Electronics',1114,'USD','[\"http://www.xoticpc.com/images/Y50-regular-thumb-new.png\"]'),('227','MSI GE62 Apache-002','Laptops','Electronics',1149,'USD','[\"http://www.xoticpc.com/images/msi_GE62_thumb_new_2015.png\"]'),('228','MSI GE62 Apache-082','Laptops','Electronics',1149,'USD','[\"http://www.xoticpc.com/images/msi_GE62_thumb_new_2015.png\"]'),('229','PHANTOM X1','Laptops','Electronics',1124,'USD','[\"http://www.xoticpc.com/images/force-phantom-x1-thumb.png\"]'),('23','The 30-Minute Vegan\'s Taste of Europe: Plant-Based Makeovers of Classics from France, Italy, Spain .','Cookbooks','Non-Fiction',18,'USD','[\"http://cdn01.strandbooks.weblinc.com/images/products/partitioned/a/b/e/0738214337.1.largeThumb.jpg\"]'),('230','MSI GE72 Apache-078','Laptops','Electronics',1199,'USD','[\"http://www.xoticpc.com/images/msi_GE62_thumb_new_2015.png\"]'),('231','MSI PE70 2QD-062US','Laptops','Electronics',1199,'USD','[\"http://www.xoticpc.com/images/msi_pe_NEW_2015_thumb.png\"]'),('232','SAGER NP8651','Laptops','Electronics',1182,'USD','[\"http://www.xoticpc.com/images/Sager_NP8651_thumb_new.png\"]'),('233','FORCE 1763 (R9 M290X)','Laptops','Electronics',1192,'USD','[\"http://www.xoticpc.com/images/1762_blue_NEW.png\"]'),('234','FORCE 1763 (780M)','Laptops','Electronics',1211,'USD','[\"http://www.xoticpc.com/images/1762_blue_NEW.png\"]'),('235','SAGER NP8258','Laptops','Electronics',1230,'USD','[\"http://www.xoticpc.com/images/Sager_NP8250_thumb_new.png\"]'),('236','FORCE 1763 (880M)','Laptops','Electronics',1240,'USD','[\"http://www.xoticpc.com/images/1762_blue_NEW.png\"]'),('237','ASUS GL551JW-DS74','Laptops','Electronics',1260,'USD','[\"http://www.xoticpc.com/images/asus_gl551lm_new_thumb.png\"]'),('238','ASUS GL771JM-DH71','Laptops','Electronics',1260,'USD','[\"http://www.xoticpc.com/images/ASUS-G56JK_thumb-NEW.png\"]'),('239','MSI GE72 Apache-027','Laptops','Electronics',1299,'USD','[\"http://www.xoticpc.com/images/msi_GE62_thumb_new_2015.png\"]'),('24','200 Stews & Moroccan Dishes','Cookbooks','Non-Fiction',7,'USD','[\"http://cdn06.strandbooks.weblinc.com/images/products/placeHolders/placeHolder.largeThumb.jpg\"]'),('240','SAGER NP8268-S','Laptops','Electronics',1279,'USD','[\"http://www.xoticpc.com/images/Sager_NP8265_thumb_sale.png\"]'),('241','SAGER NP8671','Laptops','Electronics',1279,'USD','[\"http://www.xoticpc.com/images/NP8671_thumb_new.png\"]'),('242','ALIENWARE 13','Laptops','Electronics',1308,'USD','[\"http://www.xoticpc.com/images/alienware_13_thumb_new.png\"]'),('243','ALIENWARE 15','Laptops','Electronics',1308,'USD','[\"http://www.xoticpc.com/images/Alienware15_thumbnail_NEW.png\"]'),('244','ALIENWARE 13','Laptops','Electronics',1318,'USD','[\"http://www.xoticpc.com/images/alienware_13_thumb_new.png\"]'),('245','ALIENWARE 13','Laptops','Electronics',1357,'USD','[\"http://www.xoticpc.com/images/alienware_13_thumb_new.png\"]'),('246','ASUS G751JL-DS71','Laptops','Electronics',1357,'USD','[\"http://www.xoticpc.com/images/ASUS-G751-900M_thumb-new.png\"]'),('247','GIGABYTE P34K-CF1','Laptops','Electronics',1357,'USD','[\"http://www.xoticpc.com/images/gigabyte_p34g_new_themb_A.png\"]'),('248','GIGABYTE P35Kv3-CF1','Laptops','Electronics',1357,'USD','[\"http://www.xoticpc.com/images/gigabyte_P35K_thumbnail_new.png\"]'),('249','GIGABYTE P55W-BW1','Laptops','Electronics',1357,'USD','[\"http://www.xoticpc.com/images/gigabyte_p55w_thumb_new_2015.png\"]'),('25','300 Best-ever Recipes Hot & Spicy','Cookbooks','Non-Fiction',18,'USD','[\"http://cdn06.strandbooks.weblinc.com/images/products/partitioned/f/2/8/9781844769698.1.largeThumb.jpg\"]'),('250','MSI GS30 Shadow-045','Laptops','Electronics',1399,'USD','[\"http://www.xoticpc.com/images/GS30_Shadow_Thumb_NEW.png\"]'),('251','SAGER NP8278-S','Laptops','Electronics',1376,'USD','[\"http://www.xoticpc.com/images/Sager_NP8270_thumb_sale.png\"]'),('252','SAGER NP8651-S','Laptops','Electronics',1376,'USD','[\"http://www.xoticpc.com/images/Sager_NP8651_thumb_sale.png\"]'),('253','SAGER NP8671-S','Laptops','Electronics',1376,'USD','[\"http://www.xoticpc.com/images/NP8671_thumb_sale.png\"]'),('254','ALIENWARE 17','Laptops','Electronics',1405,'USD','[\"http://www.xoticpc.com/images/alienware_17_new_thumb.png\"]'),('255','MSI GT72\nDominator-406','Laptops','Electronics',1449,'USD','[\"http://www.xoticpc.com/images/MSIGT72-900M_thumb-new.png\"]'),('256','ASUS G751JT-CH71','Laptops','Electronics',1454,'USD','[\"http://www.xoticpc.com/images/ASUS-G751-900M_thumb-new.png\"]'),('257','LENOVO Y70 Touch','Laptops','Electronics',1454,'USD','[\"http://www.xoticpc.com/images/Lenovo_Y70_new_thumb.png\"]'),('258','MSI GE62 Apache Pro-055','Laptops','Electronics',1499,'USD','[\"http://www.xoticpc.com/images/msi_GE62_thumb_new_2015.png\"]'),('259','MSI GE62 Apache Pro-219','Laptops','Electronics',1499,'USD','[\"http://www.xoticpc.com/images/msi_GE62_thumb_new_2015.png\"]'),('26','315 Best Ever Mediterranean Recipes','Cookbooks','Non-Fiction',17,'USD','[\"http://cdn03.strandbooks.weblinc.com/images/products/partitioned/e/9/2/9781780190402.1.largeThumb.jpg\"]'),('260','MSI GE72 Apache Pro-077','Laptops','Electronics',1499,'USD','[\"http://www.xoticpc.com/images/msi_GE62_thumb_new_2015.png\"]'),('261','MSI GS60 Ghost-265','Laptops','Electronics',1499,'USD','[\"http://www.xoticpc.com/images/MSI_GS60_Ghost_thumb_sale.png\"]'),('262','MSI GS60 Ghost-607','Laptops','Electronics',1499,'USD','[\"http://www.xoticpc.com/images/MSI_GS60_Ghost_thumb_new_2015.png\"]'),('263','MSI GS70 Stealth-608','Laptops','Electronics',1499,'USD','[\"http://www.xoticpc.com/images/GS70_StealthThumb_New.png\"]'),('264','MSI GT60 Dominator-1065','Laptops','Electronics',1499,'USD','[\"http://www.xoticpc.com/images/MSIGT60-900M_thumb-new.png\"]'),('265','MSI GT72 Dominator G-1445','Laptops','Electronics',1499,'USD','[\"http://www.xoticpc.com/images/msi_gt72_temp_thumb_new.png\"]'),('266','MSI GS70 StealthPro-210','Laptops','Electronics',1519,'USD','[\"http://www.xoticpc.com/images/MSI_GS70.png\"]'),('267','ALIENWARE 13','Laptops','Electronics',1483,'USD','[\"http://www.xoticpc.com/images/alienware_13_thumb_new.png\"]'),('268','FORCE 1781 (970M)','Laptops','Electronics',1499,'USD','[\"http://www.xoticpc.com/images/MSIGT72-900M_thumb-new.png\"]'),('269','FORCE 1763 (980M)','Laptops','Electronics',1502,'USD','[\"http://www.xoticpc.com/images/force_1763_thumb_2015_new.png\"]'),('27','5 Spices, 50 Dishes: Simple Indian Recies Using Five Common Spices','Cookbooks','Non-Fiction',19,'USD','[\"http://cdn03.strandbooks.weblinc.com/images/products/partitioned/2/b/e/081185342X.1.largeThumb.jpg\"]'),('270','GIGABYTE P34W v3-CF2','Laptops','Electronics',1502,'USD','[\"http://www.xoticpc.com/images/gigabyte_p34g_new_themb_A.png\"]'),('271','ALIENWARE 17','Laptops','Electronics',1512,'USD','[\"http://www.xoticpc.com/images/alienware_17_new_thumb_2015.png\"]'),('272','GIGABYTE P35W v3-CF2','Laptops','Electronics',1521,'USD','[\"http://www.xoticpc.com/images/gigabyte_P35K_thumbnail_new_A.png\"]'),('273','SAGER NP8652','Laptops','Electronics',1521,'USD','[\"http://www.xoticpc.com/images/NP8652_thumb_new.png\"]'),('274','SAGER NP8672','Laptops','Electronics',1521,'USD','[\"http://www.xoticpc.com/images/NP8672_thumb_new.png\"]'),('275','ALIENWARE 15','Laptops','Electronics',1551,'USD','[\"http://www.xoticpc.com/images/Alienware15_thumbnail_NEW.png\"]'),('276','GIGABYTE P35Wv4-BW1','Laptops','Electronics',1551,'USD','[\"http://www.xoticpc.com/images/gigabyte_P35K_thumbnail_new_A.png\"]'),('277','MSI GS60 Ghost Pro-044','Laptops','Electronics',1599,'USD','[\"http://www.xoticpc.com/images/MSIGS60-900M_thumb-new.png\"]'),('278','MSI GS70 Stealth-280','Laptops','Electronics',1599,'USD','[\"http://www.xoticpc.com/images/GS70_StealthThumb_New_sale.png\"]'),('279','SAGER NP9752','Laptops','Electronics',1570,'USD','[\"http://www.xoticpc.com/images/NP9752_thumb_new.png\"]'),('28','500 Curry Recipes','Cookbooks','Non-Fiction',16,'USD','[\"http://cdn06.strandbooks.weblinc.com/images/products/placeHolders/placeHolder.largeThumb.jpg\"]'),('280','SAGER NP9772','Laptops','Electronics',1570,'USD','[\"http://www.xoticpc.com/images/NP9772_thumb_new.png\"]'),('281','MSI GS60 GhostPro-052','Laptops','Electronics',1649,'USD','[\"http://www.xoticpc.com/images/MSI_GS60_Ghost_thumb_new.png\"]'),('282','MSI GT70 Dominator-2294','Laptops','Electronics',1649,'USD','[\"http://www.xoticpc.com/images/MSIGT70-900M_thumb_sale.png\"]'),('283','GIGABYTE P35W v3-CF3','Laptops','Electronics',1618,'USD','[\"http://www.xoticpc.com/images/gigabyte_P35K_thumbnail_new_A.png\"]'),('284','LENOVO Y50 4K Edition','Laptops','Electronics',1628,'USD','[\"http://www.xoticpc.com/images/Y50-4K-thumb-new.png\"]'),('285','ALIENWARE 15','Laptops','Electronics',1638,'USD','[\"http://www.xoticpc.com/images/Alienware15_thumbnail_NEW.png\"]'),('286','ASUS G501JW-DS71','Laptops','Electronics',1648,'USD','[\"http://www.xoticpc.com/images/ASUS_G501_NEW_thumb_2015.png\"]'),('287','GIGABYTE P35Wv3-CF4','Laptops','Electronics',1648,'USD','[\"http://www.xoticpc.com/images/gigabyte_P35K_thumbnail_new_A.png\"]'),('288','GIGABYTE P37W-CF1','Laptops','Electronics',1648,'USD','[\"http://www.xoticpc.com/images/gigabyte_P37W_thumbnail_new_2015.png\"]'),('289','GIGABYTE P37Wv4-BW1','Laptops','Electronics',1648,'USD','[\"http://www.xoticpc.com/images/gigabyte_P37W_thumbnail_new_2015.png\"]'),('29','500 Mediterranean Dishes (500 Cooking Series (Sellers)) (500 Series Cookbooks)','Cookbooks','Non-Fiction',16,'USD','[\"http://cdn03.strandbooks.weblinc.com/images/products/partitioned/a/3/f/1416206191.1.largeThumb.jpg\"]'),('290','MSI GS60 Ghost Pro-064','Laptops','Electronics',1699,'USD','[\"http://www.xoticpc.com/images/MSIGS60-900M_thumb-new.png\"]'),('291','MSI GS60 Ghost Pro-606','Laptops','Electronics',1699,'USD','[\"http://www.xoticpc.com/images/MSIGS60-900M_thumb-new.png\"]'),('292','MSI GS60 GhostPro 3K','Laptops','Electronics',1699,'USD','[\"http://www.xoticpc.com/images/MSI_GS60_Ghost_thumb_new.png\"]'),('293','MSI GS70 Stealth Pro-065','Laptops','Electronics',1699,'USD','[\"http://www.xoticpc.com/images/MSIGS70-900M-black_thumb-new.png\"]'),('294','MSI GS70 Stealth Pro-099','Laptops','Electronics',1699,'USD','[\"http://www.xoticpc.com/images/MSIGS70-900M-black_thumb-new.png\"]'),('295','MSI GS70 Stealth Pro-488','Laptops','Electronics',1699,'USD','[\"http://www.xoticpc.com/images/MSI_GS70_488_2015_NEW_thumb.png\"]'),('296','MSI GS70 Stealth Pro-607','Laptops','Electronics',1699,'USD','[\"http://www.xoticpc.com/images/MSIGS70-900M-black_thumb-new.png\"]'),('297','MSI GT72\nDominator-216','Laptops','Electronics',1699,'USD','[\"http://www.xoticpc.com/images/MSIGT72-900M_thumb-new.png\"]'),('298','SAGER NP8652-S','Laptops','Electronics',1667,'USD','[\"http://www.xoticpc.com/images/NP8652_thumb_sale.png\"]'),('299','Sager NP9773','Laptops','Electronics',1667,'USD','[\"http://www.xoticpc.com/images/sager_np9773_new_thumb.png\"]'),('3','Professional AngularJS','Web Programming','Non-Fiction',32,'USD','[\"http://i.imgur.com/1ltldCT.png\"]'),('30','The A.O.C. Cookbook','Cookbooks','Non-Fiction',17,'USD','[\"http://cdn01.strandbooks.weblinc.com/images/products/partitioned/a/8/c/9780307958235.1.largeThumb.jpg\"]'),('300','MSI GT70 Dominator-2295','Laptops','Electronics',1729,'USD','[\"http://www.xoticpc.com/images/MSIGT70-900M_thumb-new.png\"]'),('301','FORCE 16F4 (K3100M)','Laptops','Electronics',1696,'USD','[\"http://www.xoticpc.com/images/16F3_new.png\"]'),('302','MSI GT60 2OD-026','Laptops','Electronics',1749,'USD','[\"http://www.xoticpc.com/images/GT60_2014_thumb.png\"]'),('303','Sager NP9753','Laptops','Electronics',1715,'USD','[\"http://www.xoticpc.com/images/sager_np9753_new_thumb.png\"]'),('304','AORUS X7v2-CF3','Laptops','Electronics',1745,'USD','[\"http://www.xoticpc.com/images/AORUS-X3-THUMB_NEW.png\"]'),('305','GIGABYTE P34Wv4-BW3K1','Laptops','Electronics',1745,'USD','[\"http://www.xoticpc.com/images/gigabyte_p34g_new_themb_A.png\"]'),('306','GIGABYTE P35X v3-CF2','Laptops','Electronics',1745,'USD','[\"http://www.xoticpc.com/images/gigabyte_P35K_thumbnail_new_A.png\"]'),('307','GIGABYTE P35Xv4-BW1','Laptops','Electronics',1745,'USD','[\"http://www.xoticpc.com/images/gigabyte_P35K_thumbnail_new_A.png\"]'),('308','GIGABYTE P37W-CF3','Laptops','Electronics',1745,'USD','[\"http://www.xoticpc.com/images/gigabyte_P37W_thumbnail_new_2015.png\"]'),('309','MSI GS70 Stealth Pro-003','Laptops','Electronics',1799,'USD','[\"http://www.xoticpc.com/images/MSIGS70-900M-black_thumb-new.png\"]'),('31','The Adventurous Vegetarian','Cookbooks','Non-Fiction',25,'USD','[\"http://cdn06.strandbooks.weblinc.com/images/products/placeHolders/placeHolder.largeThumb.jpg\"]'),('310','MSI GT72 Dominator G-1432','Laptops','Electronics',1799,'USD','[\"http://www.xoticpc.com/images/msi_gt72_temp_thumb_new.png\"]'),('311','MSI GT72\nDominator-214','Laptops','Electronics',1799,'USD','[\"http://www.xoticpc.com/images/MSIGT72-900M_thumb-new.png\"]'),('312','ALIENWARE 17','Laptops','Electronics',1749,'USD','[\"http://www.xoticpc.com/images/alienware_17_new_thumb_2015.png\"]'),('313','SAGER NP9377','Laptops','Electronics',1764,'USD','[\"http://www.xoticpc.com/images/sager_9377_thumb_new.png\"]'),('314','SAGER NP9752-S','Laptops','Electronics',1764,'USD','[\"http://www.xoticpc.com/images/NP9752_thumb_sale.png\"]'),('315','GIGABYTE P35K-CF3','Laptops','Electronics',1774,'USD','[\"http://www.xoticpc.com/images/gigabyte_P35K_thumbnail_new.png\"]'),('316','GIGABYTE P35Xv3-CF1','Laptops','Electronics',1774,'USD','[\"http://www.xoticpc.com/images/gigabyte_P35K_thumbnail_new_A.png\"]'),('317','AORUS X3 Plus-CF1','Laptops','Electronics',1793,'USD','[\"http://www.xoticpc.com/images/AORUS-X7-V2-THUMB_sale.png\"]'),('318','GIGABYTE P25W v2-CF6','Laptops','Electronics',1793,'USD','[\"http://www.xoticpc.com/images/P2542G_new.png\"]'),('319','GIGABYTE P35Wv3-3K','Laptops','Electronics',1793,'USD','[\"http://www.xoticpc.com/images/gigabyte_P35K_thumbnail_new_A.png\"]'),('32','The Africa Cookbook: Tastes of a Continent','Cookbooks','Non-Fiction',16,'USD','[\"http://cdn03.strandbooks.weblinc.com/images/products/partitioned/3/6/9/1439193304.1.largeThumb.jpg\"]'),('320','GIGABYTE P35X v3-CF5','Laptops','Electronics',1793,'USD','[\"http://www.xoticpc.com/images/gigabyte_P35K_thumbnail_new_A.png\"]'),('321','MSI GS60 Ghost-444\n(Gold Edition)','Laptops','Electronics',1869,'USD','[\"http://www.xoticpc.com/images/GS60-GOLD_thumb_NEW.png\"]'),('322','MSI GT70 Dominator-893','Laptops','Electronics',1869,'USD','[\"http://www.xoticpc.com/images/MSI_GT70_Dominator_new_thumb.png\"]'),('323','Sager NP8268-S2','Laptops','Electronics',1841,'USD','[\"http://www.xoticpc.com/images/Sager_NP8265_thumb_new.png\"]'),('324','ALIENWARE 15','Laptops','Electronics',1842,'USD','[\"http://www.xoticpc.com/images/Alienware15_thumbnail_NEW.png\"]'),('325','ASUS G751JT-DB73','Laptops','Electronics',1842,'USD','[\"http://www.xoticpc.com/images/ASUS-G751-900M_thumb-new.png\"]'),('326','ASUS G751JT-DH72','Laptops','Electronics',1842,'USD','[\"http://www.xoticpc.com/images/ASUS-G751-900M_thumb-new.png\"]'),('327','GIGABYTE P37Wv4-BW2','Laptops','Electronics',1842,'USD','[\"http://www.xoticpc.com/images/gigabyte_P37W_thumbnail_new_2015.png\"]'),('328','Refurbished ASUS Pad Nexus 7 / Wifi / NVIDIA® Tegra™ 3 / 32GB HDD','Tablets','Electronics',89,'GBP','[\"http://eshop.asus.com/media/catalog/product/cache/8/small_image/128x/9df78eab33525d08d6e5fb8d27136e95/h/m/hmwx8qrm2zysgpob_5004_1.jpg\"]'),('329','Refurbished ASUS MeMo Pad ME173X / MT8125 / 16 GB HDD / White','Tablets','Electronics',89,'GBP','[\"http://eshop.asus.com/media/catalog/product/cache/8/small_image/128x/9df78eab33525d08d6e5fb8d27136e95/5/g/5gcceuoh2dxdihit_5001_4.jpg\"]'),('33','The African Cookbook','Cookbooks','Non-Fiction',10,'USD','[\"http://cdn05.strandbooks.weblinc.com/images/products/partitioned/9/0/f/0806513985.1.largeThumb.jpg\"]'),('330','Refurbished ASUS Pad Transformer TF700T / NVIDIA® Tegra3™ / with Mobile Docking / 64GB HDD / Champag','Tablets','Electronics',379,'GBP','[\"http://eshop.asus.com/media/catalog/product/cache/8/small_image/128x/9df78eab33525d08d6e5fb8d27136e95/p/_/p_500111_3.jpg\"]'),('331','Refurbished ASUS MeMo Pad ME301T / NVIDIA® Tegra3™ Quad-Core / 16 GB HDD / Blue','Tablets','Electronics',179,'GBP','[\"http://eshop.asus.com/media/catalog/product/cache/8/small_image/128x/9df78eab33525d08d6e5fb8d27136e95/p/_/p_500109_2.jpg\"]'),('332','Refurbished ASUS Fonepad 7 ME175CG / Z2520 / 8GB HDD / Grey','Tablets','Electronics',99,'GBP','[\"http://eshop.asus.com/media/catalog/product/cache/8/small_image/128x/9df78eab33525d08d6e5fb8d27136e95/k/w/kwotraei4x3bmimv_5002.png\"]'),('333','Refurbished ASUS Pad NEXUS7 (2013) / LTE / Qualcomm Snapdragon 8064 Quad-Core / 32GB HDD','Tablets','Electronics',249,'GBP','[\"http://eshop.asus.com/media/catalog/product/cache/8/small_image/128x/9df78eab33525d08d6e5fb8d27136e95/y/3/y3wcozxdydxemkyv_5002.jpg\"]'),('334','Refurbished ASUS MeMo Pad ME173X / MT8125 / 16 GB HDD / Blue','Tablets','Electronics',89,'GBP','[\"http://eshop.asus.com/media/catalog/product/cache/8/small_image/128x/9df78eab33525d08d6e5fb8d27136e95/l/n/lnbjawxu07b2faoc_5007.jpg\"]'),('335','Refurbished ASUS Fonepad ME371MG / Intel® Atom™ Z2420 / 16 GB HDD / Amethyst Gray','Tablets','Electronics',139,'GBP','[\"http://eshop.asus.com/media/catalog/product/cache/8/small_image/128x/9df78eab33525d08d6e5fb8d27136e95/p/q/pqcbcjyzid0voxck_5002.jpg\"]'),('336','Refurbished ASUS VivoTab TF600T / NVIDIA® Tegra3™ Quad-Core / without mobile duck / 64GB HDD / Ameth','Tablets','Electronics',279,'GBP','[\"http://eshop.asus.com/media/catalog/product/cache/8/small_image/128x/9df78eab33525d08d6e5fb8d27136e95/q/q/qq2bgrinqtgzobnw_5001_4.jpg\"]'),('337','Refurbished ASUS Pad Transformer TF300T / NVIDIA® Tegra3™ Quad-Core / with Mobile Docking / 32GB HDD','Tablets','Electronics',299,'GBP','[\"http://eshop.asus.com/media/catalog/product/cache/8/small_image/128x/9df78eab33525d08d6e5fb8d27136e95/p/_/p_500108_2.jpg\"]'),('338','Refurbished ASUS Pad Nexus 7 / Wifi / NVIDIA® Tegra™ 3 / 32GB HDD','Tablets','Electronics',89,'GBP','[\"http://eshop.asus.com/media/catalog/product/cache/8/small_image/128x/9df78eab33525d08d6e5fb8d27136e95/h/m/hmwx8qrm2zysgpob_500.jpg\"]'),('339','Refurbished ASUS VivoTab Note 8 (M80TA) / 17.3\" / Intel Atom N3740 / 2GB RAM / 32GB HDD','Tablets','Electronics',179,'GBP','[\"http://eshop.asus.com/media/catalog/product/cache/8/small_image/128x/9df78eab33525d08d6e5fb8d27136e95/2/h/2huhqlqn8ab2qppp_500.jpg\"]'),('34','The African-American Heritage Cookbook','Cookbooks','Non-Fiction',16,'USD','[\"http://cdn06.strandbooks.weblinc.com/images/products/placeHolders/placeHolder.largeThumb.jpg\"]'),('340','Samsung Galaxy Note 3 Android Phone 32 GB - Black - T-Mobile - GSM','Phones','Electronics',349,'USD','[\"http://i.imgur.com/I86jz7Z.jpg\"]'),('341','Samsung Galaxy S4 SGH-I337 Android Phone 16 GB - White Frost - AT&T - GSM','Phones','Electronics',177,'USD','[\"http://i.imgur.com/xeVron8.jpg\"]'),('342','LG G Flex Cell Phone 32 GB - Silver - Sprint','Phones','Electronics',249,'USD','[\"http://i.imgur.com/lGOcann.jpg\"]'),('343','Samsung Galaxy S3 (I9300) Android Phone 16 GB - White - Unlocked - GSM','Phones','Electronics',169,'USD','[\"http://i.imgur.com/Vpbx9Dv.jpg\"]'),('344','Apple iPhone 5s 16 GB - Gold - Sprint Nextel - CDMA / GSM','Phones','Electronics',1,'USD','[\"http://i.imgur.com/hbLPyLr.jpg\"]'),('345','Samsung GALAXY Note Edge Android Phone 32 GB - Charcoal black - T-Mobile - GSM','Phones','Electronics',675,'USD','[\"http://i.imgur.com/jlEVfUd.jpg\"]'),('346','Nokia Lumia 920 Windows Phone 32 GB - High Gloss Red - AT&T - GSM','Phones','Electronics',149,'USD','[\"http://i.imgur.com/fPqVPPf.jpg\"]'),('347','HTC One Android Phone 32 GB - Silver - T-Mobile - GSM','Phones','Electronics',239,'USD','[\"http://i.imgur.com/DjQTRB2.jpg\"]'),('348','LG G3 Android Phone 32 GB - Metallic Black - AT&T - GSM','Phones','Electronics',419,'USD','[\"http://i.imgur.com/zx9TcfQ.jpg\"]'),('349','Samsung Galaxy S6 - 32 GB - Black Sapphire - T-Mobile','Phones','Electronics',679,'USD','[\"http://i.imgur.com/FzNs592.jpg\"]'),('35','All Around the World Cookbook','Cookbooks','Non-Fiction',8,'USD','[\"http://cdn01.strandbooks.weblinc.com/images/products/partitioned/4/6/7/1563052377.1.largeThumb.jpg\"]'),('350','LG Volt Android Phone 8 GB - White - Virgin Mobile - CDMA','Phones','Electronics',79,'USD','[\"http://i.imgur.com/S3LX4tK.jpg\"]'),('351','Samsung Galaxy S2 SGH-T989 Android Phone 16 GB - White - T-Mobile - GSM','Phones','Electronics',145,'USD','[\"http://i.imgur.com/rmvcbRL.jpg\"]'),('352','HTC G1 Android Smartphone - White - T-Mobile - GSM','Phones','Electronics',91,'USD','[\"http://i.imgur.com/KE1A2gD.jpg\"]'),('353','Apple iPhone 5c - 16 GB - Blue - T-Mobile - GSM','Phones','Electronics',349,'USD','[\"http://i.imgur.com/3MRDxH1.jpg\"]'),('354','Apple iPhone 6 - 64 GB - Gold - T-Mobile - GSM','Phones','Electronics',749,'USD','[\"http://i.imgur.com/5K5myIY.jpg\"]'),('355','LG G3 Android Phone 32 GB - Metallic black - T-Mobile - GSM','Phones','Electronics',449,'USD','[\"http://i.imgur.com/1u8P9Sp.jpg\"]'),('356','Nokia Lumia 925 Windows Phone 16 GB - White, silver - T-Mobile - GSM','Phones','Electronics',605,'USD','[\"http://i.imgur.com/fh9y32p.jpg\"]'),('357','HTC One (M8) Android Phone 32 GB - Glacial silver - AT&T - GSM','Phones','Electronics',199,'USD','[\"http://i.imgur.com/Xon3lRB.jpg\"]'),('358','Samsung Galaxy Prevail 2 Android Phone 4 GB - White - Boost Mobile - CDMA','Phones','Electronics',104,'USD','[\"http://i.imgur.com/owSqfQB.jpg\"]'),('359','Apple Iphone 5 - 16gb - White & Silver - Sprint','Phones','Electronics',7,'USD','[\"http://i.imgur.com/TbvlxVo.jpg\"]'),('36','The All New Purity Cookbook','Cookbooks','Non-Fiction',16,'USD','[\"http://cdn06.strandbooks.weblinc.com/images/products/placeHolders/placeHolder.largeThumb.jpg\"]'),('37','Amalia\'s Guatemalan Kitchen','Cookbooks','Non-Fiction',39,'USD','[\"http://cdn06.strandbooks.weblinc.com/images/products/placeHolders/placeHolder.largeThumb.jpg\"]'),('38','Ancient Grains for Modern Meals: Mediterranean Whole Grain Recipes for Barley, Farro, Kamut, Polenta','Cookbooks','Non-Fiction',15,'USD','[\"http://cdn01.strandbooks.weblinc.com/images/products/partitioned/0/b/4/1580083544.1.largeThumb.jpg\"]'),('39','Anna & Michael Olson Cook at Home','Cookbooks','Non-Fiction',39,'USD','[\"http://cdn06.strandbooks.weblinc.com/images/products/placeHolders/placeHolder.largeThumb.jpg\"]'),('4','Refurbished ASUS Pad Nexus 7 / Wifi / NVIDIA® Tegra™ 3 / 32GB HDD','Tablets','Electronics',89,'GBP','[\"http://eshop.asus.com/media/catalog/product/cache/8/small_image/128x/9df78eab33525d08d6e5fb8d27136e95/h/m/hmwx8qrm2zysgpob_5004_1.jpg\"]'),('40','Arab Table: Recipes & Culinary Traditions','Cookbooks','Non-Fiction',34,'USD','[\"http://cdn05.strandbooks.weblinc.com/images/products/partitioned/3/1/0/9780060586140.1.largeThumb.jpg\"]'),('41','Arabesque: A Taste of Morocco, Turkey, and Lebanon','Cookbooks','Non-Fiction',17,'USD','[\"http://cdn03.strandbooks.weblinc.com/images/products/partitioned/0/f/0/030726498X.1.largeThumb.jpg\"]'),('42','The Arabian Cookbook: Traditional Arab Cuisine with a Modern Twist','Cookbooks','Non-Fiction',24,'USD','[\"http://cdn06.strandbooks.weblinc.com/images/products/partitioned/c/3/1/1620870487.1.largeThumb.jpg\"]'),('43','Arak and Mezze: The Taste of Lebanon','Cookbooks','Non-Fiction',35,'USD','[\"http://cdn03.strandbooks.weblinc.com/images/products/partitioned/2/b/5/0863564763.1.largeThumb.jpg\"]'),('44','Around A Greek Table','Cookbooks','Non-Fiction',9,'USD','[\"http://cdn04.strandbooks.weblinc.com/images/products/partitioned/b/c/9/9780762778362.1.largeThumb.jpg\"]'),('45','Around the World in 80 Dishes','Cookbooks','Non-Fiction',12,'USD','[\"http://cdn01.strandbooks.weblinc.com/images/products/partitioned/2/6/f/9781848875227.1.largeThumb.jpg\"]'),('46','The Art of Brazilian Cooking','Cookbooks','Non-Fiction',29,'USD','[\"http://cdn06.strandbooks.weblinc.com/images/products/placeHolders/placeHolder.largeThumb.jpg\"]'),('47','The Art of Cookery Made Plain and Easy','Cookbooks','Non-Fiction',9,'USD','[\"http://cdn06.strandbooks.weblinc.com/images/products/placeHolders/placeHolder.largeThumb.jpg\"]'),('48','The Art of Greek Cookery: Based on The Grecian Gourmet','Cookbooks','Non-Fiction',7,'USD','[\"http://cdn06.strandbooks.weblinc.com/images/products/placeHolders/placeHolder.largeThumb.jpg\"]'),('49','The Art of Home Cooking','Cookbooks','Non-Fiction',35,'USD','[\"http://cdn05.strandbooks.weblinc.com/images/products/partitioned/e/5/e/9789151850252.1.largeThumb.jpg\"]'),('5','Refurbished ASUS MeMo Pad ME173X / MT8125 / 16 GB HDD / White','Tablets','Electronics',89,'GBP','[\"http://eshop.asus.com/media/catalog/product/cache/8/small_image/128x/9df78eab33525d08d6e5fb8d27136e95/5/g/5gcceuoh2dxdihit_5001_4.jpg\"]'),('50','Art of Lithuanian Cooking','Cookbooks','Non-Fiction',14,'USD','[\"http://cdn06.strandbooks.weblinc.com/images/products/placeHolders/placeHolder.largeThumb.jpg\"]'),('51','The Art of Romanian Cooking','Cookbooks','Non-Fiction',24,'USD','[\"http://cdn06.strandbooks.weblinc.com/images/products/placeHolders/placeHolder.largeThumb.jpg\"]'),('52','Artichoke to Za\'Atar: Modern Middle Eastern Food','Cookbooks','Non-Fiction',38,'USD','[\"http://cdn01.strandbooks.weblinc.com/images/products/partitioned/7/a/f/0520254139.1.largeThumb.jpg\"]'),('53','At Blanchard\'s Table: A Trip to the Beach Cookbook','Cookbooks','Non-Fiction',12,'USD','[\"http://cdn02.strandbooks.weblinc.com/images/products/partitioned/b/4/d/0609610821.1.largeThumb.jpg\"]'),('54','At Hanka\'s Table','Cookbooks','Non-Fiction',11,'USD','[\"http://cdn02.strandbooks.weblinc.com/images/products/partitioned/b/1/1/1891105094.1.largeThumb.jpg\"]'),('55','At Home with May and Axel Vervoordt : Recipes for Every Season','Cookbooks','Non-Fiction',22,'USD','[\"http://cdn02.strandbooks.weblinc.com/images/products/partitioned/0/3/b/2080201107.1.largeThumb.jpg\"]'),('56','Austrian Desserts and Pastries','Cookbooks','Non-Fiction',24,'USD','[\"http://cdn06.strandbooks.weblinc.com/images/products/placeHolders/placeHolder.largeThumb.jpg\"]'),('57','Authentic Egyptian Cooking','Cookbooks','Non-Fiction',29,'USD','[\"http://cdn06.strandbooks.weblinc.com/images/products/partitioned/9/7/2/9789774166211.1.largeThumb.jpg\"]'),('58','Authentic Polish Cooking: 150 Mouthwatering Recipes, from Old-Country Staples to Exquisite Modern Cu','Cookbooks','Non-Fiction',24,'USD','[\"http://cdn02.strandbooks.weblinc.com/images/products/partitioned/c/7/4/1620870916.1.largeThumb.jpg\"]'),('59','Authentic Recipes from Jamaica','Cookbooks','Non-Fiction',17,'USD','[\"http://cdn06.strandbooks.weblinc.com/images/products/placeHolders/placeHolder.largeThumb.jpg\"]'),('6','Refurbished ASUS Pad Transformer TF700T / NVIDIA® Tegra3™ / with Mobile Docking / 64GB HDD / Champag','Tablets','Electronics',379,'GBP','[\"http://eshop.asus.com/media/catalog/product/cache/8/small_image/128x/9df78eab33525d08d6e5fb8d27136e95/p/_/p_500111_3.jpg\"]'),('60','Authentic Recipes from Morocco: 60 Simple Recipes from the Land of the Tagine','Cookbooks','Non-Fiction',7,'USD','[\"http://cdn06.strandbooks.weblinc.com/images/products/placeHolders/placeHolder.largeThumb.jpg\"]'),('61','Authentic Recipes from Vietnam','Cookbooks','Non-Fiction',15,'USD','[\"http://cdn06.strandbooks.weblinc.com/images/products/partitioned/e/5/1/9780794603274.1.largeThumb.jpg\"]'),('62','Automatic Y\'All','Cookbooks','Non-Fiction',15,'USD','[\"http://cdn01.strandbooks.weblinc.com/images/products/partitioned/2/e/d/9781892514271.1.largeThumb.jpg\"]'),('63','Balaboosta','Cookbooks','Non-Fiction',29,'USD','[\"http://cdn06.strandbooks.weblinc.com/images/products/placeHolders/placeHolder.largeThumb.jpg\"]'),('64','The Balkan Cookbook','Cookbooks','Non-Fiction',23,'USD','[\"http://cdn02.strandbooks.weblinc.com/images/products/partitioned/9/5/b/0882897381.1.largeThumb.jpg\"]'),('65','Banh Mi','Cookbooks','Non-Fiction',18,'USD','[\"http://cdn04.strandbooks.weblinc.com/images/products/partitioned/3/c/0/9781440550775.1.largeThumb.jpg\"]'),('66','Barcelona : Authentic Recipes Celebrating the Foods of the World','Cookbooks','Non-Fiction',12,'USD','[\"http://cdn01.strandbooks.weblinc.com/images/products/partitioned/c/4/e/084872853X.1.largeThumb.jpg\"]'),('67','The Barcelona Cookbook: A Celebration of Food, Wine, and Life','Cookbooks','Non-Fiction',14,'USD','[\"http://cdn03.strandbooks.weblinc.com/images/products/partitioned/2/1/a/0740773941.1.largeThumb.jpg\"]'),('68','Basque Kitchen : Tempting Food from the the Pyrenees','Cookbooks','Non-Fiction',20,'USD','[\"http://cdn01.strandbooks.weblinc.com/images/products/partitioned/b/3/4/0067574610.1.largeThumb.jpg\"]'),('69','The Basque Table: Passionate Home Cooking From One of Europe\'s Great Regional Cuisines','Cookbooks','Non-Fiction',11,'USD','[\"http://cdn01.strandbooks.weblinc.com/images/products/partitioned/3/f/f/1558321403.1.largeThumb.jpg\"]'),('7','Refurbished ASUS MeMo Pad ME301T / NVIDIA® Tegra3™ Quad-Core / 16 GB HDD / Blue','Tablets','Electronics',179,'GBP','[\"http://eshop.asus.com/media/catalog/product/cache/8/small_image/128x/9df78eab33525d08d6e5fb8d27136e95/p/_/p_500109_2.jpg\"]'),('70','Best Irish Drinks','Cookbooks','Non-Fiction',14,'USD','[\"http://cdn05.strandbooks.weblinc.com/images/products/partitioned/0/d/e/9781402206788.1.largeThumb.jpg\"]'),('71','The Best Of Irish Breads & Baking','Cookbooks','Non-Fiction',18,'USD','[\"http://cdn03.strandbooks.weblinc.com/images/products/partitioned/4/0/8/9781903164150.1.largeThumb.jpg\"]'),('72','The Best Recipes in the World: More Than 1,000 International Dishes to Cook at Home','Cookbooks','Non-Fiction',15,'USD','[\"http://cdn03.strandbooks.weblinc.com/images/products/partitioned/5/2/d/0767906721.1.largeThumb.jpg\"]'),('73','The Best Traditional Recipes of Greek Cooking','Cookbooks','Non-Fiction',6,'USD','[\"http://cdn06.strandbooks.weblinc.com/images/products/placeHolders/placeHolder.largeThumb.jpg\"]'),('74','The Best of Croatian Cooking','Cookbooks','Non-Fiction',16,'USD','[\"http://cdn06.strandbooks.weblinc.com/images/products/placeHolders/placeHolder.largeThumb.jpg\"]'),('75','The Best of Polish Cooking','Cookbooks','Non-Fiction',13,'USD','[\"http://cdn05.strandbooks.weblinc.com/images/products/partitioned/d/e/4/9780781808262.1.largeThumb.jpg\"]'),('76','The Best of the Best and More','Cookbooks','Non-Fiction',29,'USD','[\"http://cdn06.strandbooks.weblinc.com/images/products/placeHolders/placeHolder.largeThumb.jpg\"]'),('77','Best of the Best from Hawaii','Cookbooks','Non-Fiction',16,'USD','[\"http://cdn06.strandbooks.weblinc.com/images/products/partitioned/f/3/7/9781893062627.1.largeThumb.jpg\"]'),('78','Best-Ever Curry Cookbook: Over 150 Great Curries from India and Asia','Cookbooks','Non-Fiction',10,'USD','[\"http://cdn06.strandbooks.weblinc.com/images/products/placeHolders/placeHolder.largeThumb.jpg\"]'),('79','Beyond Gumbo: Creole Fusion Food from the Atlantic Rim','Cookbooks','Non-Fiction',13,'USD','[\"http://cdn01.strandbooks.weblinc.com/images/products/partitioned/9/1/2/0684870622.1.largeThumb.jpg\"]'),('8','Refurbished ASUS Fonepad 7 ME175CG / Z2520 / 8GB HDD / Grey','Tablets','Electronics',99,'GBP','[\"http://eshop.asus.com/media/catalog/product/cache/8/small_image/128x/9df78eab33525d08d6e5fb8d27136e95/k/w/kwotraei4x3bmimv_5002.png\"]'),('80','The Biggest Loser Flavors of the World Cookbook','Cookbooks','Non-Fiction',11,'USD','[\"http://cdn04.strandbooks.weblinc.com/images/products/partitioned/1/f/7/1609611489.1.largeThumb.jpg\"]'),('81','Bodegas con sabor / Tasting Winery','Cookbooks','Non-Fiction',57,'USD','[\"http://cdn06.strandbooks.weblinc.com/images/products/placeHolders/placeHolder.largeThumb.jpg\"]'),('82','The Book of Tapas','Cookbooks','Non-Fiction',35,'USD','[\"http://cdn01.strandbooks.weblinc.com/images/products/partitioned/1/5/4/0714856134.1.largeThumb.jpg\"]'),('83','Braise: A Journey Through International Cuisine','Cookbooks','Non-Fiction',9,'USD','[\"http://cdn04.strandbooks.weblinc.com/images/products/partitioned/7/e/3/0060561718.1.largeThumb.jpg\"]'),('84','Braise: A Journey Through International Cuisine','Cookbooks','Non-Fiction',19,'USD','[\"http://cdn06.strandbooks.weblinc.com/images/products/placeHolders/placeHolder.largeThumb.jpg\"]'),('85','Breakfast at the Wolseley: Recipes from London\'s Favorite Restaurant','Cookbooks','Non-Fiction',11,'USD','[\"http://cdn06.strandbooks.weblinc.com/images/products/placeHolders/placeHolder.largeThumb.jpg\"]'),('86','Brew Like a Monk: Trappist, Abbey, and Strong Belgian Ales and How to Brew Them','Cookbooks','Non-Fiction',17,'USD','[\"http://cdn02.strandbooks.weblinc.com/images/products/partitioned/5/2/5/093738187X.1.largeThumb.jpg\"]'),('87','British Museum Cookbook','Cookbooks','Non-Fiction',7,'USD','[\"http://cdn06.strandbooks.weblinc.com/images/products/placeHolders/placeHolder.largeThumb.jpg\"]'),('88','The Burma Cookbook: Recipes from the Land of a Million Pagodas','Cookbooks','Non-Fiction',31,'USD','[\"http://cdn03.strandbooks.weblinc.com/images/products/partitioned/5/3/c/6167339384.1.largeThumb.jpg\"]'),('89','Burma: Rivers of Flavor','Cookbooks','Non-Fiction',35,'USD','[\"http://cdn02.strandbooks.weblinc.com/images/products/partitioned/3/4/2/1579654134.1.largeThumb.jpg\"]'),('9','Refurbished ASUS Pad NEXUS7 (2013) / LTE / Qualcomm Snapdragon 8064 Quad-Core / 32GB HDD','Tablets','Electronics',249,'GBP','[\"http://eshop.asus.com/media/catalog/product/cache/8/small_image/128x/9df78eab33525d08d6e5fb8d27136e95/y/3/y3wcozxdydxemkyv_5002.jpg\"]'),('90','Cairo Kitchen','Cookbooks','Non-Fiction',17,'USD','[\"http://cdn03.strandbooks.weblinc.com/images/products/partitioned/1/a/c/1742708021.1.largeThumb.jpg\"]'),('91','Canada\'s Favourite Recipes','Cookbooks','Non-Fiction',40,'USD','[\"http://cdn04.strandbooks.weblinc.com/images/products/partitioned/9/0/5/9781770500983.1.largeThumb.jpg\"]'),('92','Canadian Living: 150 Essential Whole Grain Recipes','Cookbooks','Non-Fiction',15,'USD','[\"http://cdn03.strandbooks.weblinc.com/images/products/partitioned/5/5/8/9780987747426.1.largeThumb.jpg\"]'),('93','Cardamom and Lime','Cookbooks','Non-Fiction',26,'USD','[\"http://cdn06.strandbooks.weblinc.com/images/products/placeHolders/placeHolder.largeThumb.jpg\"]'),('94','Cardamom and Lime: Recipes from the Arabian Gulf','Cookbooks','Non-Fiction',19,'USD','[\"http://cdn06.strandbooks.weblinc.com/images/products/placeHolders/placeHolder.largeThumb.jpg\"]'),('95','Caribbean Pantry Cookbook','Cookbooks','Non-Fiction',10,'USD','[\"http://cdn02.strandbooks.weblinc.com/images/products/partitioned/f/d/9/1885183100.1.largeThumb.jpg\"]'),('96','Caribbean Potluck: Modern Recipes from Our Family Kitchen','Cookbooks','Non-Fiction',12,'USD','[\"http://cdn05.strandbooks.weblinc.com/images/products/partitioned/9/b/7/1909487090.1.largeThumb.jpg\"]'),('97','Carina Contini\'s Kitchen Garden Cookbook: A Year of Italian Scots Recipes','Cookbooks','Non-Fiction',20,'USD','[\"http://cdn05.strandbooks.weblinc.com/images/products/partitioned/c/e/b/0711234604.1.largeThumb.jpg\"]'),('98','Casa Moro','Cookbooks','Non-Fiction',29,'USD','[\"http://cdn06.strandbooks.weblinc.com/images/products/placeHolders/placeHolder.largeThumb.jpg\"]'),('99','Casablanca Cuisine','Cookbooks','Non-Fiction',14,'USD','[\"http://cdn04.strandbooks.weblinc.com/images/products/partitioned/d/f/6/9781897959336.1.largeThumb.jpg\"]');
/*!40000 ALTER TABLE `products` ENABLE KEYS */;
UNLOCK TABLES;

--
-- Table structure for table `users`
--

DROP TABLE IF EXISTS `users`;
/*!40101 SET @saved_cs_client     = @@character_set_client */;
/*!40101 SET character_set_client = utf8 */;
CREATE TABLE `users` (
  `_id` varchar(50) NOT NULL,
  `picture` varchar(200) DEFAULT NULL,
  `username` varchar(45) DEFAULT NULL,
  `id` varchar(50) DEFAULT NULL,
  `oauth` int(11) DEFAULT NULL,
  `cart` varchar(45) DEFAULT NULL,
  PRIMARY KEY (`_id`)
) ENGINE=InnoDB DEFAULT CHARSET=latin1;
/*!40101 SET character_set_client = @saved_cs_client */;

--
-- Dumping data for table `users`
--

LOCK TABLES `users` WRITE;
/*!40000 ALTER TABLE `users` DISABLE KEYS */;
INSERT INTO `users` VALUES ('56e71da7eb9fc6d6bb00ad7f','http://graph.facebook.com/10207179222937240/picture?type=large','Miguel Gandia Huerta','56e71da7eb9fc6d6bb00ad7f',2147483647,NULL),('asdasd5','dsadas','asdas',NULL,NULL,NULL);
/*!40000 ALTER TABLE `users` ENABLE KEYS */;
UNLOCK TABLES;

--
-- Dumping events for database 'proyectoClase'
--

--
-- Dumping routines for database 'proyectoClase'
--
/*!40103 SET TIME_ZONE=@OLD_TIME_ZONE */;

/*!40101 SET SQL_MODE=@OLD_SQL_MODE */;
/*!40014 SET FOREIGN_KEY_CHECKS=@OLD_FOREIGN_KEY_CHECKS */;
/*!40014 SET UNIQUE_CHECKS=@OLD_UNIQUE_CHECKS */;
/*!40101 SET CHARACTER_SET_CLIENT=@OLD_CHARACTER_SET_CLIENT */;
/*!40101 SET CHARACTER_SET_RESULTS=@OLD_CHARACTER_SET_RESULTS */;
/*!40101 SET COLLATION_CONNECTION=@OLD_COLLATION_CONNECTION */;
/*!40111 SET SQL_NOTES=@OLD_SQL_NOTES */;

-- Dump completed on 2016-03-31  0:21:40
